<?xml version="1.0" encoding="UTF-8"?>
<!DOCTYPE codetemplates PUBLIC "-//NetBeans//DTD Editor Code Templates settings 1.0//EN" "http://www.netbeans.org/dtds/EditorCodeTemplates-1_0.dtd">
<codetemplates>
    <codetemplate abbreviation="jq_ajax" xml:space="preserve">
        <code><![CDATA[
var query="UPDATE bab_usu_perfil SET idIns='"+idIns+"' WHERE (id=<?php echo $_SESSION["id"]; ?>)";
//prompt("",query);
query = Base64.encode(query);
$.ajax({
    type: "POST",
    url: "P_Query.php",
    data: "sqlQuery=" + query,
    success: function(res) {
        alert(res);
    },
    error: function(xhr, ajaxOptions, thrownError) {
    }
});
//<script type="text/javascript" src="js/base64encode.js"></script>]]></code>
    </codetemplate>
    <codetemplate abbreviation="pr" xml:space="preserve">
        <code><![CDATA[prompt("",${message});]]></code>
    </codetemplate>
</codetemplates>
