<?xml version="1.0" encoding="UTF-8"?>
<!DOCTYPE codetemplates PUBLIC "-//NetBeans//DTD Editor Code Templates settings 1.0//EN" "http://www.netbeans.org/dtds/EditorCodeTemplates-1_0.dtd">
<codetemplates>
    <codetemplate abbreviation="responsive" xml:space="preserve">
        <code><![CDATA[@media screen and (max-width:480px){
    
}]]></code>
    </codetemplate>
    <codetemplate abbreviation="media" xml:space="preserve">
        <code><![CDATA[@media screen and (max-width:480px){
    
}]]></code>
    </codetemplate>
    <codetemplate abbreviation="RESPONSIVE" xml:space="preserve">
        <code><![CDATA[@media screen and (max-width:480px){
    
}]]></code>
    </codetemplate>
</codetemplates>
