<?xml version="1.0" encoding="UTF-8"?>
<!DOCTYPE codetemplates PUBLIC "-//NetBeans//DTD Editor Code Templates settings 1.0//EN" "http://www.netbeans.org/dtds/EditorCodeTemplates-1_0.dtd">
<codetemplates>
    <codetemplate abbreviation="text" xml:space="preserve">
        <code><![CDATA[<input type="text" name="" id="" value=""/>]]></code>
    </codetemplate>
    <codetemplate abbreviation="style" xml:space="preserve">
        <code><![CDATA[<link href="" rel="stylesheet"  type="text/css"/>]]></code>
    </codetemplate>
    <codetemplate abbreviation="php_" xml:space="preserve">
        <code><![CDATA[<?php ?>]]></code>
    </codetemplate>
    <codetemplate abbreviation="echol" xml:space="preserve">
        <code><![CDATA[<?php echo "";?>]]></code>
    </codetemplate>
    <codetemplate abbreviation="php" xml:space="preserve">
        <code><![CDATA[<?php

?>]]></code>
    </codetemplate>
    <codetemplate abbreviation="echon" xml:space="preserve">
        <code><![CDATA[<?php 
echo "";
?>]]></code>
    </codetemplate>
    <codetemplate abbreviation="media" xml:space="preserve">
        <code><![CDATA[<meta name="viewport" content="width=device-width, initial-scale=1, maximum-scale=1">]]></code>
    </codetemplate>
    <codetemplate abbreviation="RESPONSIVE" xml:space="preserve">
        <code><![CDATA[@media screen and (max-width:480px){
}]]></code>
    </codetemplate>
</codetemplates>
