<?xml version="1.0" encoding="UTF-8"?>
<!DOCTYPE codetemplates PUBLIC "-//NetBeans//DTD Editor Code Templates settings 1.0//EN" "http://www.netbeans.org/dtds/EditorCodeTemplates-1_0.dtd">
<codetemplates>
    <codetemplate abbreviation="joo_my1" xml:space="preserve">
        <code><![CDATA[$sqlQuery = " SELECT #__users.id FROM #__users WHERE #__users.id = '$user->id' ";
//echo $sqlQuery;
$db->setQuery($sqlQuery);
$row = $db->loadAssoc();
$id=$row["id"];]]></code>
    </codetemplate>
    <codetemplate abbreviation="joo_my" xml:space="preserve">
        <code><![CDATA[$sqlQuery = "SELECT id,nombre FROM #__compraventa_users";
$db->setQuery($sqlQuery);
$res = $db->loadObjectList();
if ($res) {
    foreach ($res as $key => $value) {
        echo $value->iva;
    }
}
else{
    echo "vacio";
}
]]></code>
    </codetemplate>
    <codetemplate abbreviation="phpr" xml:space="preserve">
        <code><![CDATA[?><?php]]></code>
    </codetemplate>
    <codetemplate abbreviation="joo_api" xml:space="preserve">
        <code><![CDATA[//JALAMOS EL API DE JOOMLA
if (!defined('_JEXEC'))
    define('_JEXEC', 1);
//DEFINIMOS EL SEPARADOR
$DS = DIRECTORY_SEPARATOR;
define('DS', $DS);
//TOMAMOS LA DORECCION DEL COMPONENETE
preg_match("/\\{$DS}components\\{$DS}com_.*?\\{$DS}/", __FILE__, $matches, PREG_OFFSET_CAPTURE);
$component_path = substr(__FILE__, 0, strlen($matches[0][0]) + $matches[0][1]);
define('JPATH_COMPONENT', $component_path);
//TOMMAOS LA IDRECCION DE LA INSTALACION DE JOOMLA
define('JPATH_BASE', substr(__FILE__, 0, strpos(__FILE__, DS . 'components' . DS)));
//JALAMOS LA S LIBRERIAS Y EL FRAMEWORK
require_once ( JPATH_BASE . DS . 'includes' . DS . 'defines.php' );
require_once JPATH_BASE . DS . 'includes' . DS . 'framework.php';
jimport('joomla.environment.request');
$mainframe = & JFactory::getApplication('site');
$mainframe->initialise();
$user = & JFactory::getUser();
$db = & JFactory::getDBO();]]></code>
    </codetemplate>
    <codetemplate abbreviation="my_fet_as" xml:space="preserve">
        <code><![CDATA[$sql = "select nombre,direccion from x";
$result = mysql_query($sql);
if (mysql_num_rows($result) == 0) {
  echo "No hay registros";
}
else{
  while ($row = mysql_fetch_assoc($result)) {
    echo $row["nombre"];
    echo $row["direccion"];
  }
}]]></code>
    </codetemplate>
</codetemplates>
