<?xml version="1.0" encoding="UTF-8"?>
<!DOCTYPE fontscolors PUBLIC "-//NetBeans//DTD Editor Fonts and Colors settings 1.1//EN" "http://www.netbeans.org/dtds/EditorFontsColors-1_1.dtd">
<fontscolors>
    <fontcolor bgColor="ff1a2c47" foreColor="ffd8d8d8" name="index">
        <font style="bold"/>
    </fontcolor>
    <fontcolor default="error" name="error"/>
    <fontcolor foreColor="ff00c100" name="added"/>
    <fontcolor foreColor="ffff2b2b" name="removed"/>
    <fontcolor bgColor="ff1a2c47" name="filename">
        <font style="bold+italic"/>
    </fontcolor>
    <fontcolor name="plain"/>
    <fontcolor bgColor="ff1a2c47" foreColor="ffd8d8d8" name="header">
        <font style="bold"/>
    </fontcolor>
</fontscolors>
